{
    "Agent": {
        "total": 7.814600030542351e-05
    },
    "Env": {
        "apply_act": 0.007293818984180689,
        "observation_computation": 0.002276361919939518,
        "powerflow_computation": 0.0539729930460453,
        "total": 0.0635431781411171
    },
    "total": 0.06488691300000937
}