{
    "Agent": {
        "total": 2.542800211813301e-05
    },
    "Env": {
        "apply_act": 0.002260413020849228,
        "observation_computation": 0.0005414449842646718,
        "powerflow_computation": 0.033623043447732925,
        "total": 0.0364249013364315
    },
    "total": 0.03700649699749192
}