{
    "Agent": {
        "total": 5.173299723537639e-05
    },
    "Env": {
        "apply_act": 0.005063856951892376,
        "observation_computation": 0.0016567599959671497,
        "powerflow_computation": 0.06105741858482361,
        "total": 0.06777803599834442
    },
    "total": 0.06871504700029618
}