{
    "Agent": {
        "total": 0.00010556099914538208
    },
    "Env": {
        "apply_act": 0.009469127282500267,
        "observation_computation": 0.0030375260394066572,
        "powerflow_computation": 0.06358130276203156,
        "total": 0.07608795911073685
    },
    "total": 0.07775785199919483
}